{
	"code": 0,
	"msg": "",
	"count": 1000,
    "data": [
        {
            "processId": "1",
            "processName": "教学大纲工作",
            "jobName": "教务处处长",
			"processType": "指派",
			"createTime": "2021-05-02 01:34:09" ,
			"modifiedTime" : "2021-05-04 01:34:09"
        },
        {
            "processId": "2",
            "processName": "院系教师调课申请模板",
            "jobName": "普通教师",
            "processType": "申请",
			"createTime": "2021-05-02 01:34:09" ,
			"modifiedTime" : ""
        },
        {
            "processId": "3",
            "processName": "正院级领导请假模板",
            "jobName": "院长",
            "processType": "申请",
			"createTime": "2021-05-02 01:34:09" ,
			"modifiedTime" : ""
        },
        {
            "processId": "4",
            "processName": "普通教师请假模板",
            "jobName": "普通教师",
            "processType": "申请",
			"createTime": "2021-05-02 01:34:09" ,
			"modifiedTime" : ""
        }
    ]
}
